College Name,University Name,Management of College,State,Course Name,Year of Inspection,Annual Intake
"Andaman & Nicobar Islands Institute of Medical Sciences, Port Blair",Pondicherry University,Govt.,Andaman  Nicobar Islands,MBBS,2015,100
ACSR Government Medical College Nellore,"NTR University of Health Sciences, VijayWada",Govt.,Andhra Pradesh,MBBS,2014,150
"Alluri Sitaram Raju Academy of Medical Sciences, Eluru","NTR University of Health Sciences, VijayWada",Trust,Andhra Pradesh,MBBS,2000,150
"Andhra Medical College, Visakhapatnam","NTR University of Health Sciences, VijayWada",Govt.,Andhra Pradesh,MBBS,1923,200
"Apollo Institute of Medical Sciences and Research, Chittoor","NTR University of Health Sciences, VijayWada",Society,Andhra Pradesh,MBBS,2016,150
"Ayaan Institute of Medical Sciences, Teaching Hospital & Research Centre, Kanaka Mamidi, R.R. Dist","NTR University of Health Sciences, VijayWada",Society,Andhra Pradesh,MBBS,2018,150
"Dr. P.S.I. Medical College , Chinoutpalli","NTR University of Health Sciences, VijayWada",Trust,Andhra Pradesh,MBBS,2002,150
"Fathima Instt. of Medical Sciences,Kadapa","NTR University of Health Sciences, VijayWada",Trust,Andhra Pradesh,MBBS,2010,100
"Gayathri Vidya Parishad Institute of Health Care & Medical Technology, Visakhapatnam","NTR University of Health Sciences, VijayWada",Society,Andhra Pradesh,MBBS,2016,
"GITAM Institute of Medical Sciences and Research, Visakhapatnam","Gandhi Institute of Technology and Management (GITAM University) Deemed, Visakhapatnam",Private,Andhra Pradesh,MBBS,2015,
"Government Medical College, Ananthapuram","NTR University of Health Sciences, VijayWada",Govt.,Andhra Pradesh,MBBS,2000,100
"Government Siddhartha Medical College, Vijaywada","NTR University of Health Sciences, VijayWada",Govt.,Andhra Pradesh,MBBS,1980,150
"Great Eastern Medical School and Hospital,Srikakulam","NTR University of Health Sciences, VijayWada",Trust,Andhra Pradesh,MBBS,2010,150
"GSL Medical College, Rajahmundry","NTR University of Health Sciences, VijayWada",Trust,Andhra Pradesh,MBBS,2002,150
"Guntur Medical College, Guntur","NTR University of Health Sciences, VijayWada",Govt.,Andhra Pradesh,MBBS,1946,200
"Katuri Medical College, Guntur","NTR University of Health Sciences, VijayWada",Trust,Andhra Pradesh,MBBS,2002,150
"Konaseema Institute of Medical Sciences & Research Foundation, Amalapuram","NTR University of Health Sciences, VijayWada",Trust,Andhra Pradesh,MBBS,2005,150
"Kurnool Medical College, Kurnool","NTR University of Health Sciences, VijayWada",Govt.,Andhra Pradesh,MBBS,1957,200
"Maharajah Institute of Medical Sciences, Vizianagaram","NTR University of Health Sciences, VijayWada",Trust,Andhra Pradesh,MBBS,2002,150
"Narayana Medical College, Nellore","NTR University of Health Sciences, VijayWada",Trust,Andhra Pradesh,MBBS,2000,250
"Nimra Institute of Medical Sciences, Krishna Dist., A.P.","NTR University of Health Sciences, VijayWada",Society,Andhra Pradesh,MBBS,2016,
"NRI Institute of Medical Sciences, Visakhapatnam","NTR University of Health Sciences, VijayWada",Trust,Andhra Pradesh,MBBS,2012,150
"NRI Medical College, Guntur","NTR University of Health Sciences, VijayWada",Trust,Andhra Pradesh,MBBS,2003,200
"P E S Institute Of Medical Sciences and Research, Kuppam","NTR University of Health Sciences, VijayWada",Trust,Andhra Pradesh,MBBS,2001,150
"Rajiv Gandhi Institute of Medical Sciences, Kadapa","NTR University of Health Sciences, VijayWada",Govt.,Andhra Pradesh,MBBS,2006,150
"Rajiv Gandhi Institute of Medical Sciences,Ongole, AP","NTR University of Health Sciences, VijayWada",Govt.,Andhra Pradesh,MBBS,2011,100
"Rajiv Gandhi Institute of Medical Sciences, Srikakulam","NTR University of Health Sciences, VijayWada",Govt.,Andhra Pradesh,MBBS,2008,100
"Rangaraya Medical College, Kakinada","NTR University of Health Sciences, VijayWada",Govt.,Andhra Pradesh,MBBS,1958,200
"RVS Institute of Medical Sciences, Chittoor, Andhra Pradesh","NTR University of Health Sciences, VijayWada",Society,Andhra Pradesh,MBBS,2016,
"Santhiram Medical College, Nandyal","NTR University of Health Sciences, VijayWada",Trust,Andhra Pradesh,MBBS,2005,100
"SVIMS - Sri Padmavathi Medical College for Women, Alipiri Road, Tirupati","Sri Venkateswara Institute of Medical Sciences (SVIMS), Tirupati",Govt.,Andhra Pradesh,MBBS,2014,150
"S V Medical College, Tirupati","NTR University of Health Sciences, VijayWada",Govt.,Andhra Pradesh,MBBS,1960,200
"Viswabharathi Medical College, Kurnool","NTR University of Health Sciences, VijayWada",Society,Andhra Pradesh,MBBS,2014,
"Tomo Riba Institute of Health & Medical Sciences, Naharlagun",Rajiv Gandhi University,Govt.,Arunachal Pradesh,MBBS,2018,50
"Assam Medial College, Dibrugarh",Srimanta Shankardeva University of Health Sciences,Govt.,Assam,MBBS,1947,170
"Fakhruddin Ali Ahmed Medical College, Barpeta, Assam",Srimanta Shankardeva University of Health Sciences,Govt-Society,Assam,MBBS,2012,100
"Gauhati Medical College, Guwahati",Srimanta Shankardeva University of Health Sciences,Govt.,Assam,MBBS,1960,156
"Jorhat Medical College & Hospital , Jorhat",Srimanta Shankardeva University of Health Sciences,Govt.,Assam,MBBS,2010,100
"Silchar Medical College, Silchar",Srimanta Shankardeva University of Health Sciences,Govt.,Assam,MBBS,1968,100
"Tezpur Medical College & Hospital, Tezpur",Srimanta Shankardeva University of Health Sciences,Govt.,Assam,MBBS,2014,100
"All India Institute of Medical Sciences, Patna","Statutory Autonomous, AIIMS",Govt.,Bihar,MBBS,2012,100
"Anugrah Narayan Magadh Medical College, Gaya","Aryabhatta Knowledge University, Patna",Govt.,Bihar,MBBS,1970,100
"Darbhanga Medical College, Lehriasarai","Aryabhatta Knowledge University, Patna",Govt.,Bihar,MBBS,1946,100
"Government Medical College, Bettiah","Aryabhatta Knowledge University, Patna",Govt.,Bihar,MBBS,2013,100
"Indira Gandhi Institute of Medical Sciences,Sheikhpura, Patna","Indira Gandhi Instt of Medical Sciences (Deemed University), Patna",Govt.,Bihar,MBBS,2011,100
"Jawaharlal Nehru Medical College, Bhagalpur","Aryabhatta Knowledge University, Patna",Govt.,Bihar,MBBS,1971,100
"Katihar Medical College, Katihar",B.N. Mandal University,Trust,Bihar,MBBS,1987,100
"Mata Gujri Memorial Medical College, Kishanganj",B.N. Mandal University,Trust,Bihar,MBBS,1990,100
"Nalanda Medical College, Patna","Aryabhatta Knowledge University, Patna",Govt.,Bihar,MBBS,1970,100
"Narayan Medical College & Hospital, Sasaram","Veer Kunwar Singh University,Bihar",Trust,Bihar,MBBS,2008,150
"Patna Medical College, Patna","Aryabhatta Knowledge University, Patna",Govt.,Bihar,MBBS,1925,150
"Shri Krishna Medical College, Muzzafarpur","Aryabhatta Knowledge University, Patna",Govt.,Bihar,MBBS,1970,100
"Vardhman Institute of Medical Sciences, Pawapuri, Nalanda","Ayush and Health Sciences University, Raipur",Govt.,Bihar,MBBS,2013,100
"Government Medical College, Chandigarh",Punjab University,Govt.,Chandigarh,MBBS,1991,100
"All India Institute of Medical Sciences, Raipur","Statutory Autonomous, AIIMS",Govt.,Chattisgarh,MBBS,2012,100
"Chandulal Chandrakar Memorial Medical College, Durg","Ayush and Health Sciences University, Raipur",Private,Chattisgarh,MBBS,2013,
"Chhattisgarh Institute of Medical Sciences, Bilaspur",Guru Ghasidas University,Govt.,Chattisgarh,MBBS,2001,100
"Government Medical College, Ambikapur (Surguja), Chhattisgarh","Chhattisgarh Ayush and Health Sciences University, Raipur",Govt.,Chattisgarh,MBBS,2016,100
"Government Medical College, Rajnandgaon","Chhattisgarh Ayush and Health Sciences University, Raipur",Govt.,Chattisgarh,MBBS,2014,100
"Late Shri Baliram Kashyap Memorial NDMC Govt. Medical College, Jagdalpur","Pt.Ravishankar Shukla University (Prev. Ravishankar University),Raipur",Govt.,Chattisgarh,MBBS,2006,100
"Late Shri Lakhi Ram Agrawal Memorial Govt. Medical College, Raigarh","Chhattisgarh Ayush and Health Sciences University, Raipur",Govt.,Chattisgarh,MBBS,2013,50
"Pt. J N M Medical College, Raipur","Ayush and Health Sciences University, Raipur",Govt.,Chattisgarh,MBBS,1963,150
"Raipur Institute of Medical Sciences (RIMS), Raipur","Chhattisgarh Ayush and Health Sciences University, Raipur",Society,Chattisgarh,MBBS,2016,
"Shri Shankaracharya Institute of Medical Sciences, Bhilai","Chhattisgarh Ayush and Health Sciences University, Raipur",Society,Chattisgarh,MBBS,2016,
"All India Institute of Medical Sciences, New Delhi","Statutory Autonomous, AIIMS",Govt.,Delhi,MBBS,1956,50
"Army College of Medical Sciences, New Delhi",Guru Gobind Singh Indraprastha University,Trust,Delhi,MBBS,2008,100
"Dr. Baba Saheb Ambedkar Medical College, Rohini, Delhi",Guru Gobind Singh Indraprastha University,Govt.,Delhi,MBBS,2016,100
"Hamdard Institute of Medical Sciences & Research, New Delhi",University of Jamia Hamdard (Hamdard University),Society,Delhi,MBBS,2012,100
"Lady Hardinge Medical College, New Delhi",Delhi University,Govt.,Delhi,MBBS,1916,200
"Maulana Azad Medical College, New Delhi",Delhi University,Govt.,Delhi,MBBS,1958,250
"North Delhi Muncipal Corporation Medical College, Delhi",Guru Gobind Singh Indraprastha University,Govt.,Delhi,MBBS,2013,50
"University College of Medical Sciences & GTB Hospital, New Delhi",Delhi University,Govt.,Delhi,MBBS,1971,150
"Vardhman Mahavir Medical College & Safdarjung Hospital, Delhi",Guru Gobind Singh Indraprastha University,Govt.,Delhi,MBBS,2002,150
"Goa Medical College, Panaji",Goa University,Govt.,Goa,MBBS,1963,150
"Ahmedabad Municipal Coporation Medical Education Trust Medical College, Ahmedabad",Gujarat University,Govt.,Gujarat,MBBS,2009,150
"Banas Medical College and Research Institute, Palanpur, Gujarat","Hemchandracharya North Gujarat University,Patan",Trust,Gujarat,MBBS,2018,150
"B J Medical College, Ahmedabad",Gujarat University,Govt.,Gujarat,MBBS,1946,250
"CU Shah Medical College, Surendra Nagar",Saurashtra University,Trust,Gujarat,MBBS,2000,100
"Dr. M.K. Shah Medical College & Research Centre, Ahmedabad",Gujarat University,Trust,Gujarat,MBBS,2017,
"GCS Medical College, Ahmedabad",Gujarat University,Trust,Gujarat,MBBS,2011,150
"GMERS Medical College, Dharpur Patan","Hemchandracharya North Gujarat University,Patan",Govt-Society,Gujarat,MBBS,2012,150
"GMERS Medical College, Gandhinagar",Gujarat University,Govt-Society,Gujarat,MBBS,2012,150
"GMERS Medical College, Gotri, Vadodara",MS University of Baroda,Govt-Society,Gujarat,MBBS,2011,150
"GMERS Medical College, Hadiyol, Himmatnagar","Hemchandracharya North Gujarat University,Patan",Govt-Society,Gujarat,MBBS,2015,150
"GMERS Medical College, Junagadh",Saurashtra University,Govt-Society,Gujarat,MBBS,2015,150
"GMERS Medical College, Sola, Ahmedabad",Gujarat University,Govt-Society,Gujarat,MBBS,2011,150
"GMERS Medical College, Vadnagar, Mehsana","Hemchandracharya North Gujarat University,Patan",Govt-Society,Gujarat,MBBS,2017,150
"GMERS Medical College, Valsad",Veer Narmad South Gujarat University,Govt-Society,Gujarat,MBBS,2012,150
"Government Medical College, Bhavnagar",Maharaja Krishnakumarsinghji Bhavnagar University,Govt.,Gujarat,MBBS,1995,150
"Government Medical College, Surat",Veer Narmad South Gujarat University,Govt.,Gujarat,MBBS,1964,150
"Gujarat Adani Institute of Medical Sciences, Bhuj","KSKV Kachchh University, Bhuj",Trust,Gujarat,MBBS,2009,150
"Medical College, Baroda",MS University of Baroda,Govt.,Gujarat,MBBS,1949,250
"MP Shah Medical College,Jamnagar",Saurashtra University,Govt.,Gujarat,MBBS,1955,250
"Pandit Deendayal Upadhyay Medical College, Rajkot",Saurashtra University,Govt.,Gujarat,MBBS,1995,150
"Parul Institute of Medical Sciences & Research, Vadodara","Parul University, Vadodara",Private,Gujarat,MBBS,2016,150
"Pramukhswami Medical College, Karmsad",Sardar Patel University,Trust,Gujarat,MBBS,1987,100
"SBKS Medical Instt. & Research Centre, Vadodra","Sumandeep Vidyapeeth University (Deemed), Vadodra",Trust,Gujarat,MBBS,2002,150
"Smt. N.H.L.Municipal Medical College, Ahmedabad",Gujarat University,Govt.,Gujarat,MBBS,1963,250
"Surat Municipal Institute of  Medical Education & Research, Surat",Veer Narmad South Gujarat University,Govt.,Gujarat,MBBS,1999,150
"Zydus Medical College , Dahod","Shri Govind Guru University, Godhara",Trust,Gujarat,MBBS,2018,150
"Adesh Medical College and Hospital, Shahabad, Kurukshetra, Haryana","PT. B.D. Sharma University of Health Sciences, Rohtak",Society,Haryana,MBBS,2018,
"BPS Government Medical College for Women, Sonepat","PT. B.D. Sharma University of Health Sciences, Rohtak",Govt.,Haryana,MBBS,2012,100
"Employees State Insurance Corporation Medical College, Faridabad","PT. B.D. Sharma University of Health Sciences, Rohtak",Govt.,Haryana,MBBS,2015,100
"Faculty of Medicine and Health Sciences, Gurgaon","PT. B.D. Sharma University of Health Sciences, Rohtak",Trust,Haryana,MBBS,2010,150
"Kalpana Chawala Govt. Medical College, Karnal, Haryana","PT. B.D. Sharma University of Health Sciences, Rohtak",Govt.,Haryana,MBBS,2017,100
"Maharaja Agrasen Medical College, Agroha","PT. B.D. Sharma University of Health Sciences, Rohtak",Trust,Haryana,MBBS,2002,100
"Maharishi Markandeshwar Institute Of Medical Sciences & Research, Mullana, Ambala","Maharishi Marakandeshwar University (Deemed), Ambala",Trust,Haryana,MBBS,2003,150
"N.C. Medical College & Hospital, Panipat","PT. B.D. Sharma University of Health Sciences, Rohtak",Trust,Haryana,MBBS,2016,
"Pt. B D Sharma Postgraduate Institute of Medical Sciences, Rohtak (Haryana)","PT. B.D. Sharma University of Health Sciences, Rohtak",Govt.,Haryana,MBBS,1960,200
"Shaheed Hasan Khan Mewati Government Medical College, Nalhar","PT. B.D. Sharma University of Health Sciences, Rohtak",Govt.,Haryana,MBBS,2013,100
"World College of Medical Sciences & Researc, Jhajjar, Haryana","PT. B.D. Sharma University of Health Sciences, Rohtak",Trust,Haryana,MBBS,2016,
"Dr. Radhakrishnan Government Medical College, Hamirpur, H.P",Himachal Pradesh University,Govt.,Himachal Pradesh,MBBS,2018,100
"Dr. Rajendar Prasad Government Medical College, Tanda, H.P",Himachal Pradesh University,Govt.,Himachal Pradesh,MBBS,1996,100
"Government Medical College, Nahan, Sirmour H.P.",Himachal Pradesh University,Govt.,Himachal Pradesh,MBBS,2016,100
"Indira Gandhi Medical College, Shimla",Himachal Pradesh University,Govt.,Himachal Pradesh,MBBS,1966,100
"Maharishi Markandeshwar Medical College & Hospital, Solan","Maharishi Marakandeshwar University, Kumarhatti, Solan",Trust,Himachal Pradesh,MBBS,2013,150
"Pt. Jawahar Lal Nehru Government Medical College, Chamba",Himachal Pradesh University,Govt.,Himachal Pradesh,MBBS,2017,100
"Shri Lal Bahadur Shastri Government Medical College, Mandi, HP",Himachal Pradesh University,Govt.,Himachal Pradesh,MBBS,2017,100
"Acharya Shri Chander College of Medical Sciences, Jammu",Jammu University,Trust,Jammu & Kashmir,MBBS,1995,100
"Government Medical College, Jammu",Jammu University,Govt.,Jammu & Kashmir,MBBS,1972,150
"Government Medical College, Srinagar",Kashmir University,Govt.,Jammu & Kashmir,MBBS,1959,150
"Sher-I-Kashmir Instt. Of Medical Sciences, Srinagar","Deemed University, Jammu & Kashmir",Govt.,Jammu & Kashmir,MBBS,1988,100
"M G M Medical College, Jamshedpur",Ranchi University,Govt.,Jharkhand,MBBS,1961,100
"Patliputra Medical College, Dhanbad",Vinoba Bhave University,Govt.,Jharkhand,MBBS,1969,50
"Rajendra Institute of Medical Sciences, Ranchi",Ranchi University,Govt.,Jharkhand,MBBS,1960,150
Adichunchanagiri Institute of Medical Sciences Bellur,Rajiv Gandhi University of Health Sciences,Trust,Karnataka,MBBS,1985,150
"A J Institute of Medical Sciences & Research Centre, Mangalore",Rajiv Gandhi University of Health Sciences,Trust,Karnataka,MBBS,2002,150
"Akash Institute of Medical Sciences & Research Centre, Devanhalli, Bangalore, Karnataka",Rajiv Gandhi University of Health Sciences,Trust,Karnataka,MBBS,2016,
"Al-Ameen Medical College,Bijapur",Rajiv Gandhi University of Health Sciences,Trust,Karnataka,MBBS,1984,100
"Bangalore Medical College and Research Institute, Bangalore",Rajiv Gandhi University of Health Sciences,Govt.,Karnataka,MBBS,1955,250
"Basaveswara Medical College and Hospital, Chitradurga",Rajiv Gandhi University of Health Sciences,Trust,Karnataka,MBBS,1999,100
"Belagavi Institute of Medical Sciences, Belagavi",Rajiv Gandhi University of Health Sciences,Govt.,Karnataka,MBBS,2006,150
"BGS Global Institute of Medical Sciences, Bangalore",Rajiv Gandhi University of Health Sciences,Trust,Karnataka,MBBS,2013,150
"Bidar Institute of Medical Sciences,Bidar",Rajiv Gandhi University of Health Sciences,Govt.,Karnataka,MBBS,2007,150
"Chamrajanagar Institute of Medical Sciences, Karnataka",Rajiv Gandhi University of Health Sciences,Govt.,Karnataka,MBBS,2016,150
"Dr BR Ambedkar Medical College, Bangalore",Rajiv Gandhi University of Health Sciences,Trust,Karnataka,MBBS,1980,100
"East Point College of Medical Sciences & Research Centre, Bangalore",Rajiv Gandhi University of Health Sciences,Trust,Karnataka,MBBS,2017,150
"Employees State Insurance Corporation Medical College, Bangalore",Rajiv Gandhi University of Health Sciences,Govt.,Karnataka,MBBS,2012,100
"Employees State Insurance Corporation Medical College, Gulbarga",Rajiv Gandhi University of Health Sciences,Govt.,Karnataka,MBBS,2013,100
"Father Mullers Institue of Medical Education and Research, Mangalore",Rajiv Gandhi University of Health Sciences,Trust,Karnataka,MBBS,1999,150
"Gadag Institute of Medical Sciences, Mallasamudra, Mulgund Road, Gadag",Rajiv Gandhi University of Health Sciences,Govt.,Karnataka,MBBS,2015,150
"Government Medical College, Mysore",Rajiv Gandhi University of Health Sciences,Govt.,Karnataka,MBBS,1924,150
"Gulbarga Institute of Medical Sciences, Gulbarga",Rajiv Gandhi University of Health Sciences,Govt.,Karnataka,MBBS,2015,150
"Hassan Institute of Medical Sciences, Hassan",Rajiv Gandhi University of Health Sciences,Govt.,Karnataka,MBBS,2006,150
"Jawaharlal Nehru Medical College, Belgaum","KLE Academy of Higher Education & Research (Deemed), Belgaum",Trust,Karnataka,MBBS,1963,200
"JJM Medical College, Davangere",Rajiv Gandhi University of Health Sciences,Trust,Karnataka,MBBS,1965,245
"JSS Medical College, Mysore","JSS Academy of Higher Education & Research, Mysuru",Trust,Karnataka,MBBS,1984,200
"Kanachur Institute of Medical Sciences, Mangalore",Rajiv Gandhi University of Health Sciences,Trust,Karnataka,MBBS,2016,150
"Karnataka Institute of Medical Sciences, Hubli",Rajiv Gandhi University of Health Sciences,Govt.,Karnataka,MBBS,1957,200
"Karwar Institute of Medical Sciences, Karwar",Rajiv Gandhi University of Health Sciences,Govt.,Karnataka,MBBS,2016,150
"Kasturba Medical College, Mangalore","Manipal Academy of Higher Education (Deemed University), Manipal",Trust,Karnataka,MBBS,1955,250
"Kasturba Medical College, Manipal","Manipal Academy of Higher Education (Deemed University), Manipal",Trust,Karnataka,MBBS,1953,250
"Kempegowda Institute of Medical Sciences, Bangalore",Rajiv Gandhi University of Health Sciences,Trust,Karnataka,MBBS,1980,150
"Khaja Banda Nawaz Institute of Medical Sciences, Gulbarga",Rajiv Gandhi University of Health Sciences,Trust,Karnataka,MBBS,2000,100
"Kodagu Institute of Medical Sciences, Kodagu",Rajiv Gandhi University of Health Sciences,Govt.,Karnataka,MBBS,2016,150
"Koppal Institute of Medical Sciences, Koppal",Rajiv Gandhi University of Health Sciences,Govt.,Karnataka,MBBS,2015,150
"K S Hegde Medical Academy, Mangalore","Nitte University (Deemed), Mangalore",Trust,Karnataka,MBBS,1999,150
"K V G Medical College, Sullia",Rajiv Gandhi University of Health Sciences,Trust,Karnataka,MBBS,1999,100
"Mahadevappa Rampure Medical College, Gulbarga",Rajiv Gandhi University of Health Sciences,Trust,Karnataka,MBBS,1963,150
"Mandya Institute of Medical Sciences, Mandya",Rajiv Gandhi University of Health Sciences,Govt.,Karnataka,MBBS,2006,150
"M S Ramaiah Medical College, Bangalore",Rajiv Gandhi University of Health Sciences,Trust,Karnataka,MBBS,1979,150
"MVJ Medical College and Research Hospital, Bangalore",Rajiv Gandhi University of Health Sciences,Trust,Karnataka,MBBS,1997,150
"Navodaya Medical College, Raichur",Rajiv Gandhi University of Health Sciences,Trust,Karnataka,MBBS,2000,150
"Raichur Institute of Medical Sciences,Raichur",Rajiv Gandhi University of Health Sciences,Govt.,Karnataka,MBBS,2007,150
"Rajarajeswari Medical College & Hospital, Bangalore",Rajiv Gandhi University of Health Sciences,Trust,Karnataka,MBBS,2005,250
"Sambhram Institute of Medical Sciences & Research, Kolar",Rajiv Gandhi University of Health Sciences,Trust,Karnataka,MBBS,2016,
"Sapthagiri Institute of Medical Sciences & Research Centre, Bangalore",Rajiv Gandhi University of Health Sciences,Trust,Karnataka,MBBS,2011,150
"SDM College of Medical Sciences & Hospital, Sattur, Dharwad",Rajiv Gandhi University of Health Sciences,Trust,Karnataka,MBBS,2003,100
"Shimoga Institute of Medical Sciences,Shimoga",Rajiv Gandhi University of Health Sciences,Govt.,Karnataka,MBBS,2007,150
"Shri B M Patil Medical College, Hospital & Research Centre, Bijapur",Rajiv Gandhi University of Health Sciences,Trust,Karnataka,MBBS,1986,150
"Shridevi Institute of Medical Sciences & Research Hospital, Tumkur",Rajiv Gandhi University of Health Sciences,Trust,Karnataka,MBBS,2013,
"S. Nijalingappa Medical College & HSK Hospital & Research Centre, Bagalkot",Rajiv Gandhi University of Health Sciences,Trust,Karnataka,MBBS,2002,150
"Sri Devaraj URS Medical College, Kolar","Sri Devaraj Urs Academy of Higher Education and Research (Deemed University), Kolar",Trust,Karnataka,MBBS,1986,150
"Srinivas Institute of Medical Research Centre, Srinivasnagar",Rajiv Gandhi University of Health Sciences,Trust,Karnataka,MBBS,2011,150
"Sri Siddhartha Medical College, Tumkur","Sri Siddhartha Academy of Higher Education, Tumkur",Trust,Karnataka,MBBS,1988,130
"S S Institute of Medical Sciences& Research Centre, Davangere",Rajiv Gandhi University of Health Sciences,Trust,Karnataka,MBBS,2006,150
"St. Johns Medical College, Bangalore",Rajiv Gandhi University of Health Sciences,Trust,Karnataka,MBBS,1963,150
"Subbaiah Institute of Medical Sciences, Shimoga, Karnataka",Rajiv Gandhi University of Health Sciences,Trust,Karnataka,MBBS,2012,150
"The Oxford Medical College, Hospital & Research Centre, Bangalore",Rajiv Gandhi University of Health Sciences,Society,Karnataka,MBBS,2014,
"Vijaynagar Institute of Medical Sciences, Bellary",Rajiv Gandhi University of Health Sciences,Govt.,Karnataka,MBBS,1961,150
"Vydehi Institute Of Medical Sciences & Research Centre, Bangalore",Rajiv Gandhi University of Health Sciences,Trust,Karnataka,MBBS,2002,150
"Yenepoya Medical College, Mangalore","Yenepoya University of Health Sciences (Deemed), Mangalore",Trust,Karnataka,MBBS,1999,150
"Academy of Medical Sceiences,Pariyaram, Kannur","Kerala University of Health Sciences, Thrissur",Trust,Kerala,MBBS,1995,100
"Al-Azhar Medical College and Super Speciality Hospital, Thodupuzha","Kerala University of Health Sciences, Thrissur",Trust,Kerala,MBBS,2014,
"Amala Institute of Medical Sciences, Thrissur","Kerala University of Health Sciences, Thrissur",Trust,Kerala,MBBS,2002,100
"Amrita School of Medicine, Elamkara, Kochi","Amrita Vishwa Vidyapeetham University (Deemed), Coimbatore",Trust,Kerala,MBBS,2000,100
"Azeezia Instt of Medical Science,Meeyannoor,Kollam","Kerala University of Health Sciences, Thrissur",Trust,Kerala,MBBS,2008,100
"Believers Church Medical College Hospital, Thiruvalla, Kerala","Kerala University of Health Sciences, Thrissur",Trust,Kerala,MBBS,2016,100
"DM Wayanad Institute of Medical Sciences, Wayanad, Kerala","Kerala University of Health Sciences, Thrissur",Trust,Kerala,MBBS,2013,
"Dr. Somervel Memorial CSI Hospital & Medical College, Karakonam, Thiruvananthapuram","Kerala University, Thiruvananthapuram",Trust,Kerala,MBBS,2001,100
"Government Medical College, Ernakulam","Kerala University of Health Sciences, Thrissur",Govt.,Kerala,MBBS,2000,100
"Government Medical College, Kottayam","Kerala University of Health Sciences, Thrissur",Govt.,Kerala,MBBS,1960,150
"Government Medical College, Kozhikode, Calicut",Calicut University,Govt.,Kerala,MBBS,1957,250
"Government Medical College, Manjeri, Malapuram Dist.","Kerala University of Health Sciences, Thrissur",Govt.,Kerala,MBBS,2013,100
"Government Medical College, Painav, Idukki","Kerala University of Health Sciences, Thrissur",Govt.,Kerala,MBBS,2014,
"Government Medical College, Parippally, Kollam","Kerala University of Health Sciences, Thrissur",Govt.,Kerala,MBBS,2017,100
"Government Medical College, Thrissur","Kerala University of Health Sciences, Thrissur",Govt.,Kerala,MBBS,1981,150
"Government Medical College, Yakkara, Palakkad","Kerala University of Health Sciences, Thrissur",Govt.,Kerala,MBBS,2014,100
"Jubilee Mission Medical College & Research Institute, Thrissur","Kerala University of Health Sciences, Thrissur",Trust,Kerala,MBBS,2002,100
"Kannur Medical College, Kannur","Kerala University of Health Sciences, Thrissur",Trust,Kerala,MBBS,2006,150
"Karuna Medical College, Palakkad",Calicut University,Trust,Kerala,MBBS,2006,100
"Kerala Medical College, Mangode, Palakkad","Kerala University of Health Sciences, Thrissur",Trust,Kerala,MBBS,2016,
"KMCT Medical College,Kozhikode, Calicut",Calicut University,Trust,Kerala,MBBS,2008,100
"Malabar Medical College, Kozhikode,Calicut","Kerala University of Health Sciences, Thrissur",Trust,Kerala,MBBS,2010,150
"Malankara Orthodox Syrian Church Medical College, Kolenchery","Kerala University of Health Sciences, Thrissur",Trust,Kerala,MBBS,2001,100
"Medical College, Thiruvananthapuram","Kerala University of Health Sciences, Thrissur",Govt.,Kerala,MBBS,1951,200
"M E S Medical College , Perintalmanna Malappuram Distt.Kerala",Calicut University,Trust,Kerala,MBBS,2002,100
"Mount Zion Medical College, Chayalode, Ezhamkulam Adoor, Pathanamthitta","Kerala University of Health Sciences, Thrissur",Society,Kerala,MBBS,2014,
"P K Das Institute of Medical Sciences, Palakkad, Kerala","Kerala University of Health Sciences, Thrissur",Trust,Kerala,MBBS,2014,
"Pushpagiri Institute Of Medical Sciences and Research Centre, Tiruvalla","Kerala University of Health Sciences, Thrissur",Trust,Kerala,MBBS,2002,100
"Sree Gokulam Medical College  Trust & Research Foundation, Trivandrum","Kerala University of Health Sciences, Thrissur",Trust,Kerala,MBBS,2005,150
"Sree Narayana Instt. of Medical Sciences, Chalakka,Ernakulam","Mahatma Gandhi University, Kerala",Trust,Kerala,MBBS,2009,100
"Sree Uthradom Thiurnal Academy of Medical Sciences,Trivandrum","Kerala University of Health Sciences, Thrissur",Trust,Kerala,MBBS,2006,100
"S.R. Medical College & Research Centre, Akathumjuri, Vennicode, Varkala, Thiruvananthapuram","Kerala University of Health Sciences, Thrissur",Trust,Kerala,MBBS,2016,
"T D Medical College, Alleppey (Allappuzha)","Kerala University of Health Sciences, Thrissur",Govt.,Kerala,MBBS,1963,150
"Travancore Medical College, Kollam","Kerala University of Health Sciences, Thrissur",Trust,Kerala,MBBS,2009,100
"Advanced Institute of Medical Sciences and Research Centre, Bhopal",Barkatullah University,Society,Madhya Pradesh,MBBS,2016,
"All India Institute of Medical Sciences, Bhopal","Statutory Autonomous, AIIMS",Govt.,Madhya Pradesh,MBBS,2012,100
"Amaltas Institute of Medical Sciences, Dewas","Madhya Pradesh Medical Science University, Jabalpur",Society,Madhya Pradesh,MBBS,2016,
"Bundelkhand Medical College, Sagar","Dr. Harising Gour University,Sagar",Govt.,Madhya Pradesh,MBBS,2009,100
"Chirayu Medical College and Hospital, Bairagarh,Bhopal",Barkatullah University,Trust,Madhya Pradesh,MBBS,2011,150
"Gajra Raja Medical College, Gwalior",Jiwaji University,Govt.,Madhya Pradesh,MBBS,1946,150
"Gandhi Medical College, Bhopal",Barkatullah University,Govt.,Madhya Pradesh,MBBS,1955,150
"Government Medical College, Datia, MP","Madhya Pradesh Medical Science University, Jabalpur",Govt.,Madhya Pradesh,MBBS,2018,100
"Government Medical College, Khandwa, MP","Madhya Pradesh Medical Science University, Jabalpur",Govt.,Madhya Pradesh,MBBS,,100
"Government Medical College, Ratlam","Madhya Pradesh Medical Science University, Jabalpur",Govt.,Madhya Pradesh,MBBS,,150
"Government Medical College, Vidisha, MP","Madhya Pradesh Medical Science University, Jabalpur",Govt.,Madhya Pradesh,MBBS,,150
"Index Medical College Hospital & Research Centre,Indore",Devi Ahilya Vishwa Vidyalaya,Trust,Madhya Pradesh,MBBS,2007,150
"L.N. Medical College and Research Centre,Bhopal",Barkatullah University,Trust,Madhya Pradesh,MBBS,2009,150
"M G M Medical College, Indore",Devi Ahilya Vishwa Vidyalaya,Govt.,Madhya Pradesh,MBBS,1948,150
"Modern Institute of Medical Sciences, Kanadia, Indore",Devi Ahilya Vishwa Vidyalaya,Society,Madhya Pradesh,MBBS,2015,
"Netaji Subhash Chandra Bose Medical College, Jabalpur","Rani Durgavati Vishwa Vidyalaya, Jabalpur",Govt.,Madhya Pradesh,MBBS,1955,150
"Peoples College of Medical Sciences & Research Centre, Bhanpur, Bhopal","Peoples University, Bhopal",Trust,Madhya Pradesh,MBBS,2005,150
"RKDF Medical College Hospital & Research Centre, Jatkhedi, Bhopal",Barkatullah University,Society,Madhya Pradesh,MBBS,2014,
"Ruxmaniben Deepchand Gardi Medical College, Ujjain","Vikram University, Ujjain",Trust,Madhya Pradesh,MBBS,2001,150
"Sakshi Medical College & Research Center, Guna, M.P.",Jiwaji University,Society,Madhya Pradesh,MBBS,2016,
"Shyam Shah Medical College, Rewa",AP Singh University,Govt.,Madhya Pradesh,MBBS,1963,100
"Sri Aurobindo Medical College and Post Graduate Institute , Indore",Devi Ahilya Vishwa Vidyalaya,Trust,Madhya Pradesh,MBBS,2003,100
"Sukh Sagar Medical College and Hospital, Jabalpur","Rani Durgavati Vishwa Vidyalaya, Jabalpur",Trust,Madhya Pradesh,MBBS,2016,
"ACPM Medical College, Dhule","Maharashtra University of Health Sciences, Nashik",Trust,Maharashtra,MBBS,1990,
"Armed Forces Medical College, Pune","Maharashtra University of Health Sciences, Nashik",Govt.,Maharashtra,MBBS,1962,150
"Ashwini Rural Medical College, Hospital & Research Centre, Solapur","Maharashtra University of Health Sciences, Nashik",Trust,Maharashtra,MBBS,2012,100
"Bharati Vidyapeeth Deemed University Medical College & Hospital, Sangli","Bharati  Vidyapeeth University (Deemed), Pune",Trust,Maharashtra,MBBS,2005,150
"Bharati Vidyapeeth University Medical College, Pune","Bharati  Vidyapeeth University (Deemed), Pune",Trust,Maharashtra,MBBS,1989,150
"B. J.  Govt. Medical College, Pune","Maharashtra University of Health Sciences, Nashik",Govt.,Maharashtra,MBBS,1964,200
"B.K.L. Walawalkar Rural Medical College, Ratnagiri","Maharashtra University of Health Sciences, Nashik",Trust,Maharashtra,MBBS,2015,100
"Dr. D Y Patil Medical College, Hospital and Research Centre, Pimpri, Pune","Dr. D Y Patil University (Deemed), Pimpri, Pune",Trust,Maharashtra,MBBS,1995,250
"Dr. D Y Patil Medical College, Kolhapur","D.Y. Patil Education Society (Deemed University), Kolhapur",Trust,Maharashtra,MBBS,1989,150
"Dr. Panjabrao Alias Bhausaheb Deshmukh Memorial Medical College, Amravati","Maharashtra University of Health Sciences, Nashik",Trust,Maharashtra,MBBS,1984,100
"Dr. Shankarrao Chavan Govt. Medical College, Nanded","Maharashtra University of Health Sciences, Nashik",Govt.,Maharashtra,MBBS,1988,100
"Dr. Ulhas Patil Medical College & Hospital, Jalgaon","Maharashtra University of Health Sciences, Nashik",Trust,Maharashtra,MBBS,2008,100
"Dr Vaishampayan Memorial Medical College, Solapur","Maharashtra University of Health Sciences, Nashik",Govt.,Maharashtra,MBBS,1963,150
"Dr.Vasantrao Pawar Med. Col. Hosp. & Research Centre,Nasik (Prev. NDMVP Samaj Medical College)","Maharashtra University of Health Sciences, Nashik",Trust,Maharashtra,MBBS,1990,120
"Government Medical College, Akola","Maharashtra University of Health Sciences, Nashik",Govt.,Maharashtra,MBBS,2002,150
"Government Medical College, Aurangabad","Maharashtra University of Health Sciences, Nashik",Govt.,Maharashtra,MBBS,1956,150
"Government Medical College, Chandrapur","Maharashtra University of Health Sciences, Nashik",Govt.,Maharashtra,MBBS,2015,100
"Government Medical College, Gondia","Maharashtra University of Health Sciences, Nashik",Govt.,Maharashtra,MBBS,2016,100
"Government Medical College, Jalgaon","Maharashtra University of Health Sciences, Nashik",Govt.,Maharashtra,MBBS,,100
"Government Medical College, Latur","Maharashtra University of Health Sciences, Nashik",Govt.,Maharashtra,MBBS,2002,150
"Government Medical College, Miraj","Maharashtra University of Health Sciences, Nashik",Govt.,Maharashtra,MBBS,1962,150
"Government Medical College, Nagpur","Maharashtra University of Health Sciences, Nashik",Govt.,Maharashtra,MBBS,1947,200
"Grant Medical College, Mumbai","Maharashtra University of Health Sciences, Nashik",Govt.,Maharashtra,MBBS,1845,200
"H.B.T. Medical College & Dr. R.N. Cooper Municipal General Hospital, Juhu, Mumbai","Maharashtra University of Health Sciences, Nashik",Govt.,Maharashtra,MBBS,2015,150
"Indian Institute of Medical Science & Research, Jalna","Maharashtra University of Health Sciences, Nashik",Trust,Maharashtra,MBBS,2013,100
"Indira Gandhi Medical College & Hospital, Nagpur","Maharashtra University of Health Sciences, Nashik",Govt.,Maharashtra,MBBS,1968,150
"Jawaharlal Nehru Medical College, Sawangi (Meghe), Wardha","Datta Meghe Instt. of Medical Sciences (Deemed University), Nagpur",Trust,Maharashtra,MBBS,1990,200
"KJ Somaiyya Medical College & Research Centre, Mumbai","Maharashtra University of Health Sciences, Nashik",Trust,Maharashtra,MBBS,1991,50
"Krishna Institute of Medical Sciences, Karad","Krishna Institute of Medical Sciences University (Deemed), Karad",Trust,Maharashtra,MBBS,1984,150
"Lokmanya Tilak Municipal Medical College, Sion, Mumbai","Maharashtra University of Health Sciences, Nashik",Govt.,Maharashtra,MBBS,1964,150
"Maharashtra Institute of Medical Education & Research, Talegaon,Pune","Maharashtra University of Health Sciences, Nashik",Trust,Maharashtra,MBBS,1994,150
"Maharashtra Institute of Medical  Sciences & Research, Latur","Maharashtra University of Health Sciences, Nashik",Trust,Maharashtra,MBBS,1990,150
"Mahatma Gandhi Institute of Medical Sciences, Sevagram, Wardha","Maharashtra University of Health Sciences, Nashik",Trust,Maharashtra,MBBS,1969,100
"Mahatma Gandhi Missions Medical College, Aurangabad","MGM Institute of Health Sciences (Deemed University), Navi Mumbai",Trust,Maharashtra,MBBS,1989,150
"Mahatma Gandhi Missions Medical College, Navi Mumbai","MGM Institute of Health Sciences (Deemed University), Navi Mumbai",Trust,Maharashtra,MBBS,1989,150
"N. K. P. Salve Instt. of Medical Sciences and Research Centre and Lata Mangeshkar Hospital, Nagpur","Maharashtra University of Health Sciences, Nashik",Trust,Maharashtra,MBBS,1990,150
"Padmashree Dr. D.Y.Patil Medical College, Navi Mumbai","Padmashree Dr. D Y Patil University (Deemed), Navi Mumbai",Trust,Maharashtra,MBBS,1989,150
"Padmashri Dr. Vithalrao Vikhe Patil Foundations Medical College, Ahmednagar","Maharashtra University of Health Sciences, Nashik",Trust,Maharashtra,MBBS,2003,150
"Prakash Institute of Medical Sciences & Research, Sangli","Maharashtra University of Health Sciences, Nashik",Trust,Maharashtra,MBBS,2016,150
"Rajashree Chatrapati Shahu Maharaj Government Medical College, Kolhapur","Maharashtra University of Health Sciences, Nashik",Govt.,Maharashtra,MBBS,2001,150
"Rajiv Gandhi Medical College and Chhatrapati Shivaji Maharaj Hospital, Thane","Maharashtra University of Health Sciences, Nashik",Govt.,Maharashtra,MBBS,1992,60
"Rural Medical College, Loni","Pravara Institute of Medical Sciences (Deemed University), Ahmednagar",Trust,Maharashtra,MBBS,1984,200
"Seth GS Medical College, Mumbai","Maharashtra University of Health Sciences, Nashik",Govt.,Maharashtra,MBBS,1925,180
"Shri Vasant Rao Naik Govt. Medical College, Yavatmal","Maharashtra University of Health Sciences, Nashik",Govt.,Maharashtra,MBBS,1989,150
"SMBT Institute of Medical Sciences & Research Centre, Nandihills, Nashik","Maharashtra University of Health Sciences, Nashik",Trust,Maharashtra,MBBS,2014,150
"Smt. Kashibai Navale Medical College and General Hospital,Pune","Maharashtra University of Health Sciences, Nashik",Trust,Maharashtra,MBBS,2007,150
"Sri Bhausaheb Hire Government Medical College, Dhule","Maharashtra University of Health Sciences, Nashik",Govt.,Maharashtra,MBBS,1988,100
"SRTR Medical College, Ambajogai","Maharashtra University of Health Sciences, Nashik",Govt.,Maharashtra,MBBS,1974,100
"Terna Medical College, Navi Mumbai","Maharashtra University of Health Sciences, Nashik",Trust,Maharashtra,MBBS,1991,100
"Topiwala National Medical College, Mumbai","Maharashtra University of Health Sciences, Nashik",Govt.,Maharashtra,MBBS,1964,120
"Vedantaa Institute of Medical Sciences, Palghar, Maharashtra","Maharashtra University of Health Sciences, Nashik",Private,Maharashtra,MBBS,2017,
"Jawaharlal Nehru Institute of Medical Sciences,Porompet,Imphal",Manipur University,Govt.,Manipur,MBBS,2010,100
"Regional Institute of Medical Sciences, Imphal",Manipur University,Govt.,Manipur,MBBS,1972,100
"North Eastern Indira Gandhi Regional Instt. of Health and Medical Sciences, Shillong","North Eastern Hill University, Shillong",Govt.,Meghalaya,MBBS,2008,50
"Mizoram Institute of Medical Education and Research, Mizoram",Mizoram University,Govt.,Mizoram,MBBS,2018,100
"All India Institute of Medical Sciences, Bhubaneswar","Statutory Autonomous, AIIMS",Govt.,Orissa,MBBS,2012,100
"Government Medical College & Hospital, Balasore","Fakir Mohan Univeristy, Balasore",Govt.,Orissa,MBBS,2018,100
"Government Medical College & Hospital, Bolangir",Sambalpur University,Govt.,Orissa,MBBS,2018,100
"Hi-Tech Medical College & Hospital, Bhubaneswar",Utkal University,Trust,Orissa,MBBS,2005,100
"Hi-Tech Medical College & Hospital, Rourkela",Sambalpur University,Trust,Orissa,MBBS,2012,
"Instt. Of Medical Sciences & SUM Hospital, Bhubaneswar",Utkal University,Trust,Orissa,MBBS,2007,150
"Kalinga Institute of Medical Sciences, Bhubaneswar","KIIT University (Deemed), Bhubaneswar",Trust,Orissa,MBBS,2007,150
"MKCG Medical College, Berhampur",Berhampur University,Govt.,Orissa,MBBS,1962,250
"Pt. Raghunath Murmu Medical College and Hospital, Baripada, Odisha","North Odisha University, Baripada, Odisha",Govt.,Orissa,MBBS,2017,100
"Saheed Laxman Nayak Medical College & Hospital, Koraput",Berhampur University,Govt.,Orissa,MBBS,2017,100
"SCB Medical College, Cuttack",Utkal University,Govt.,Orissa,MBBS,1944,250
"Veer Surendra Sai Institute of Medical Sciences and Research, Burla",Sambalpur University,Govt.,Orissa,MBBS,1959,150
"Aarupadai Veedu Medical College, Pondicherry","Vinayaka Missions University (Deemed), Salem",Trust,Pondicherry,MBBS,1999,100
"Indira Gandhi Medical College & Research Institute, Puducherry",Pondicherry University,Govt.,Pondicherry,MBBS,2010,150
"Jawaharlal Institute of Postgraduate Medical Education & Research, Puducherry","Statutory Autonomous, Puducherry",Govt.,Pondicherry,MBBS,1956,200
"Mahatma Gandhi Medical College & Research Institute, Pondicherry","Sri Balaji Vidyapeeth (Deemed University), Pondicherry",Trust,Pondicherry,MBBS,2002,250
"Pondicherry Institute of Medical Sciences & Research, Pondicherry",Pondicherry University,Trust,Pondicherry,MBBS,2000,100
"Sri Lakshmi Narayana Institute of Medical Sciences, Pondicherry","Bharath University (Deemed), Chennai",Trust,Pondicherry,MBBS,2006,150
"Sri Manakula Vinayagar Medical College & Hospital, Pondicherry",Pondicherry University,Trust,Pondicherry,MBBS,2006,150
"Sri Venkateswaraa Medical College, Hospital & Research Centre, Pondicherry",Pondicherry University,Trust,Pondicherry,MBBS,2007,150
"Vinayaka Missions Medical College, Pondicherry","Vinayaka Missions University (Deemed), Salem",Trust,Pondicherry,MBBS,1997,100
"Adesh Institute of Medical Sciences & Research, Bhatinda","Adesh University, Bathinda",Trust,Punjab,MBBS,2006,150
"Christian Medical College, Ludhiana","Baba Farid University of Health Sciences,Faridkot",Trust,Punjab,MBBS,1953,75
"Dayanand Medical College & Hospital, Ludhiana","Baba Farid University of Health Sciences,Faridkot",Trust,Punjab,MBBS,1963,100
"Government Medical College, Amritsar","Baba Farid University of Health Sciences,Faridkot",Govt.,Punjab,MBBS,1943,200
"Government Medical College, Patiala","Baba Farid University of Health Sciences,Faridkot",Govt.,Punjab,MBBS,1953,200
"Guru Govind Singh Medical College, Faridkot","Baba Farid University of Health Sciences,Faridkot",Govt.,Punjab,MBBS,1973,100
"Punjab Institute of Medical Sciences, Jalandhar","Baba Farid University of Health Sciences,Faridkot",Trust,Punjab,MBBS,2011,150
"Sri Guru Ram Das Institute of Medical Sciences and Research, Sri Amritsar","Baba Farid University of Health Sciences,Faridkot",Trust,Punjab,MBBS,1997,150
"All India Institute of Medical Sciences, Jodhpur","Statutory Autonomous, AIIMS",Govt.,Rajasthan,MBBS,2012,100
"American International Institute of Medical Sciences, Bedwas",Rajasthan University of Health Sciences,Private,Rajasthan,MBBS,2016,
"Ananta Institute of Medical Sciences & Research Centre, Rajsamand",Rajasthan University of Health Sciences,Society,Rajasthan,MBBS,2016,150
"Dr SN Medical College, Jodhpur",Rajasthan University,Govt.,Rajasthan,MBBS,1965,250
"Geetanjali  Medical College & Hospital,Udaipur",Rajasthan University of Health Sciences,Trust,Rajasthan,MBBS,2008,150
"Government Medical College, Bharatpur, Rajasthan",Rajasthan University of Health Sciences,Govt.,Rajasthan,MBBS,2018,100
"Government Medical College, Bhilwara, Rajasthan",Rajasthan University of Health Sciences,Govt.,Rajasthan,MBBS,2018,100
"Government Medical College, Churu",Rajasthan University of Health Sciences,Govt.,Rajasthan,MBBS,2018,100
"Government Medical College, Dungarpur",Rajasthan University of Health Sciences,Govt.,Rajasthan,MBBS,2018,100
"Government Medical College, Kota",Rajasthan University of Health Sciences,Govt.,Rajasthan,MBBS,1992,150
"Government Medical College, Pali, Rajasthan",Rajasthan University of Health Sciences,Govt.,Rajasthan,MBBS,2018,100
"Jaipur National University Institute of Medical Sciences and Resarch Centre, Jagatpura, Jaipur",Jaipur National University (Private Univ.),Private,Rajasthan,MBBS,2016,150
"Jawaharlal Nehru Medical College, Ajmer",Rajasthan University,Govt.,Rajasthan,MBBS,1965,150
"Jhalawar Medical College, Jhalawar",Rajasthan University of Health Sciences,Govt.,Rajasthan,MBBS,2008,150
"Mahatma Gandhi Medical College and Hospital, Jaipur",Rajasthan University,Trust,Rajasthan,MBBS,2001,150
"National Institute of Medical Science & Research, Jaipur","NIMS University (Deemed), Jaipur",Trust,Rajasthan,MBBS,2004,100
"Pacific Institute of Medical Sciences, Umarda, Udaipur",Rajasthan University of Health Sciences,Society,Rajasthan,MBBS,2015,
"Pacific Medical College & Hospital, Bhilo Ka Bedla, Udaipur",Rajasthan University of Health Sciences,Trust,Rajasthan,MBBS,2014,
"R N T Medical College,  Udaipur",Rajasthan University,Govt.,Rajasthan,MBBS,1961,150
"RUHS College of Medical Sciences, Jaipur",Rajasthan University of Health Sciences,Govt.,Rajasthan,MBBS,2014,100
"Sardar Patel Medical College, Bikaner",Rajasthan University of Health Sciences,Govt.,Rajasthan,MBBS,1959,250
"SMS Medical College, Jaipur",Rajasthan University of Health Sciences,Govt.,Rajasthan,MBBS,1947,250
"Sikkim Manipal Institute of Medical Sciences, Gangtok","Sikkim Manipal Univ. of Health,Medical & Tech. Scs",Trust,Sikkim,MBBS,2000,100
"ACS Medical College and Hospital, Chennai","Dr. MGR Educational and Research Institute (Deemed University), Chennai",Trust,Tamil Nadu,MBBS,2008,150
"Annaii Medical College and Hospital, Pennalur, Kanchipuram","The Tamilnadu Dr. MGR Medical University,Chennai",Trust,Tamil Nadu,MBBS,2016,
"Annapoorna Medical College & Hospital, Salem","The Tamilnadu Dr. MGR Medical University,Chennai",Trust,Tamil Nadu,MBBS,2011,
"Chengalpattu Medical College, Chengalpattu","The Tamilnadu Dr. MGR Medical University,Chennai",Govt.,Tamil Nadu,MBBS,1965,100
"Chettinad Hospital & Research Institute, Kanchipuram","Chettinad Academy of Research and Education (Deemed University), Chettinad",Trust,Tamil Nadu,MBBS,2006,150
"Christian Medical College, Vellore","The Tamilnadu Dr. MGR Medical University,Chennai",Trust,Tamil Nadu,MBBS,1942,100
"Coimbatore Medical College, Coimbatore","The Tamilnadu Dr. MGR Medical University,Chennai",Govt.,Tamil Nadu,MBBS,1966,150
"Dhanalakshmi Srinivasan Medical College and Hospital,Perambalur","The Tamilnadu Dr. MGR Medical University,Chennai",Trust,Tamil Nadu,MBBS,2011,150
"ESI-PGIMSR,ESI Hospital,K.K Nagar,Chennai","The Tamilnadu Dr. MGR Medical University,Chennai",Govt.,Tamil Nadu,MBBS,2013,100
"Government Dharmapuri Medical College, Dharmapuri","The Tamilnadu Dr. MGR Medical University,Chennai",Govt.,Tamil Nadu,MBBS,2008,100
"Government Medical College & ESIC Hospital, Coimbatore, TamilNadu","The Tamilnadu Dr. MGR Medical University,Chennai",Govt.,Tamil Nadu,MBBS,2016,100
"Government Medical College, Omandurar","The Tamilnadu Dr. MGR Medical University,Chennai",Govt.,Tamil Nadu,MBBS,2015,100
"Government Medical College, Pudukottai, Tamil Nadu","The Tamilnadu Dr. MGR Medical University,Chennai",Govt.,Tamil Nadu,MBBS,2017,150
"Government Sivagangai Medical College, Sivaganga","The Tamilnadu Dr. MGR Medical University,Chennai",Govt.,Tamil Nadu,MBBS,2012,100
"Government Thiruvannamalai Medical College, Thiruvannamalai","The Tamilnadu Dr. MGR Medical University,Chennai",Govt.,Tamil Nadu,MBBS,2013,100
"Government Vellore Medical College, Vellore","The Tamilnadu Dr. MGR Medical University,Chennai",Govt.,Tamil Nadu,MBBS,2005,100
"Government Villupuram Medical College, Villupuram","The Tamilnadu Dr. MGR Medical University,Chennai",Govt.,Tamil Nadu,MBBS,2010,100
"IRT Perundurai Medical College, Perundurai","The Tamilnadu Dr. MGR Medical University,Chennai",Govt.,Tamil Nadu,MBBS,1992,100
"KanyaKumari Government Medical College, Asaripallam","The Tamilnadu Dr. MGR Medical University,Chennai",Govt.,Tamil Nadu,MBBS,2003,100
"K A P Viswanathan Government Medical College, Trichy","The Tamilnadu Dr. MGR Medical University,Chennai",Govt.,Tamil Nadu,MBBS,1998,150
"Karpagam Faculty of Medical Sciences & Research, Coimbatore","The Tamilnadu Dr. MGR Medical University,Chennai",Trust,Tamil Nadu,MBBS,2012,150
"Karpaga Vinayaga Institute of Medical Sciences,Maduranthagam","The Tamilnadu Dr. MGR Medical University,Chennai",Trust,Tamil Nadu,MBBS,2009,100
"Kilpauk Medical College, Chennai","The Tamilnadu Dr. MGR Medical University,Chennai",Govt.,Tamil Nadu,MBBS,1960,150
"Madha Medical College and Hospital, Thandalam, Chennai","The Tamilnadu Dr. MGR Medical University,Chennai",Trust,Tamil Nadu,MBBS,2011,
"Madras Medical College, Chennai","The Tamilnadu Dr. MGR Medical University,Chennai",Govt.,Tamil Nadu,MBBS,1835,250
"Madurai Medical College, Madurai","The Tamilnadu Dr. MGR Medical University,Chennai",Govt.,Tamil Nadu,MBBS,1954,150
"Meenakshi Medical College and Research Institute, Enathur","Meenakshi University (Deemed), Chennai",Trust,Tamil Nadu,MBBS,2003,150
Melmaruvathur Adiparasakthi Instt. Medical Sciences  and Research,"The Tamilnadu Dr. MGR Medical University,Chennai",Trust,Tamil Nadu,MBBS,2008,150
"Mohan Kumaramangalam Medical College, Salem","The Tamilnadu Dr. MGR Medical University,Chennai",Govt.,Tamil Nadu,MBBS,1986,100
"Ponnaiyah Ramajayam Institute of Medical Sciences, Manamai-Nellur","The Tamilnadu Dr. MGR Medical University,Chennai",Trust,Tamil Nadu,MBBS,2016,
"PSG Institute of Medical Sciences, Coimbatore","The Tamilnadu Dr. MGR Medical University,Chennai",Trust,Tamil Nadu,MBBS,1985,150
"Rajah Muthiah Medical College, Annamalainagar",Annamalai University,Govt.,Tamil Nadu,MBBS,1985,150
"Saveetha Medical College and Hospital, Kanchipuram","Saveetha University (Deemed), Chennai",Trust,Tamil Nadu,MBBS,2008,150
"Shri Satya Sai Medical College and Research Institute, Kancheepuram","Sri Balaji Vidyapeeth (Deemed University), Pondicherry",Trust,Tamil Nadu,MBBS,2008,150
"Sree Balaji Medical College and Hospital, Chennai","Bharath University (Deemed), Chennai",Trust,Tamil Nadu,MBBS,2003,250
"Sree Mookambika Institute of Medical Sciences, Kanyakumari","The Tamilnadu Dr. MGR Medical University,Chennai",Trust,Tamil Nadu,MBBS,2006,100
"Sri Muthukumaran Medical College,Chennai","The Tamilnadu Dr. MGR Medical University,Chennai",Trust,Tamil Nadu,MBBS,2010,150
"Sri Ramachandra Medical College & Research Institute, Chennai","Sri Ramachandra University (Deemed), Chennai",Trust,Tamil Nadu,MBBS,1985,250
"SRM Medical College Hospital & Research Centre, Kancheepuram",SRM Institute  of Science & Technology,Trust,Tamil Nadu,MBBS,2005,150
"Stanley Medical College, Chennai","The Tamilnadu Dr. MGR Medical University,Chennai",Govt.,Tamil Nadu,MBBS,1838,250
"Tagore Medical College and Hospital, Chennai","The Tamilnadu Dr. MGR Medical University,Chennai",Trust,Tamil Nadu,MBBS,2010,150
"Thanjavur Medical College,Thanjavur","The Tamilnadu Dr. MGR Medical University,Chennai",Govt.,Tamil Nadu,MBBS,1959,150
"Theni Government Medical College,Theni","The Tamilnadu Dr. MGR Medical University,Chennai",Govt.,Tamil Nadu,MBBS,2006,100
"Thiruvarur Govt. Medical College, Thiruvarur","The Tamilnadu Dr. MGR Medical University,Chennai",Govt.,Tamil Nadu,MBBS,2010,100
"Thoothukudi Medical College, Thoothukudi","The Tamilnadu Dr. MGR Medical University,Chennai",Govt.,Tamil Nadu,MBBS,2000,150
"Tirunelveli Medical College,Tirunelveli","The Tamilnadu Dr. MGR Medical University,Chennai",Govt.,Tamil Nadu,MBBS,1965,150
"Trichy SRM Medical College Hospital & Research Centre, Trichy","The Tamilnadu Dr. MGR Medical University,Chennai",Trust,Tamil Nadu,MBBS,2009,150
"Velammal Medical College Hospital and Research Institute, Madurai","The Tamilnadu Dr. MGR Medical University,Chennai",Trust,Tamil Nadu,MBBS,2013,150
"Vinayaka Missions Kirupananda Variyar Medical College, Salem","Vinayaka Missions University (Deemed), Salem",Trust,Tamil Nadu,MBBS,1996,100
"Apollo Institute of Medical Sciences and Research, Hyderabad","NTR University of Health Sciences, VijayWada",Trust,Telangana,MBBS,2012,100
"Bhaskar Medical College, Yenkapally","NTR University of Health Sciences, VijayWada",Trust,Telangana,MBBS,2005,150
"Chalmeda Anand Rao Insttitute Of  Medical Sciences, Karimnagar","NTR University of Health Sciences, VijayWada",Trust,Telangana,MBBS,2003,150
"Deccan College of Medical Sciences, Hyderabad","NTR University of Health Sciences, VijayWada",Trust,Telangana,MBBS,1985,150
"Dr. VRK Womens Medical College, Aziznagar","NTR University of Health Sciences, VijayWada",Trust,Telangana,MBBS,2010,100
"Employees State Insurance Coporation Medical College, Sanath Nagar, Hyderabad","NTR University of Health Sciences, VijayWada",Govt.,Telangana,MBBS,2016,100
"Gandhi Medical College, Secunderabad","NTR University of Health Sciences, VijayWada",Govt.,Telangana,MBBS,1954,200
"Government Medical College, Mahabubnagar","Kaloji Narayana Rao University of Health Sciences, Warangal",Govt.,Telangana,MBBS,2016,150
"Government Medical College, Nizamabad","NTR University of Health Sciences, VijayWada",Govt.,Telangana,MBBS,2013,100
"Government Medical College, Siddipet","Kaloji Narayana Rao University of Health Sciences, Warangal",Govt.,Telangana,MBBS,2018,150
"Kakatiya Medical College, Wrangal","NTR University of Health Sciences, VijayWada",Govt.,Telangana,MBBS,1959,200
"Kamineni Academy of Medical Sciences & Research Center, Hyderabad","NTR University of Health Sciences, VijayWada",Private,Telangana,MBBS,2013,150
"Kamineni Institute of Medical Sciences, Narketpally","NTR University of Health Sciences, VijayWada",Trust,Telangana,MBBS,1999,200
"Mahavir Institute of Medical Sciences, Vikarabad, Telengana","NTR University of Health Sciences, VijayWada",Trust,Telangana,MBBS,2016,
"Maheshwara Medical College, Chitkul, Patancheru, Medak","NTR University of Health Sciences, VijayWada",Society,Telangana,MBBS,2016,
"Malla Reddy Institute of Medical Sciences, Hyderabad","NTR University of Health Sciences, VijayWada",Society,Telangana,MBBS,2012,
"Mallareddy Medical College for Womens, Hyderabad","NTR University of Health Sciences, VijayWada",Society,Telangana,MBBS,2013,
"Mamata Medical College, Khammam","NTR University of Health Sciences, VijayWada",Trust,Telangana,MBBS,1998,150
"Mediciti Institute Of Medical Sciences, Ghanpur","NTR University of Health Sciences, VijayWada",Trust,Telangana,MBBS,2001,100
"MNR Medical College & Hospital, Sangareddy","NTR University of Health Sciences, VijayWada",Trust,Telangana,MBBS,2002,100
"Osmania Medical College, Hyderabad","NTR University of Health Sciences, VijayWada",Govt.,Telangana,MBBS,1946,250
"Prathima Institute Of Medical Sciences, Karimnagar","NTR University of Health Sciences, VijayWada",Trust,Telangana,MBBS,2001,200
"Rajiv Gandhi Institute of Medical Sciences, adilabad","NTR University of Health Sciences, VijayWada",Govt.,Telangana,MBBS,2008,100
"R.V.M. Institute of Medical Sciences and Research Centre, Medak","NTR University of Health Sciences, VijayWada",Trust,Telangana,MBBS,2016,150
"Shadan Institute of Medical Sciences,Research Centre and Teaching Hospital, Peerancheru","NTR University of Health Sciences, VijayWada",Society,Telangana,MBBS,2005,150
"S V S Medical College, Mehboobnagar","NTR University of Health Sciences, VijayWada",Trust,Telangana,MBBS,1999,100
"Agartala Government Medical College,Agartala",Tripura University,Govt.,Tripura,MBBS,2005,100
"Tripura Medical College and Dr. B R A M Teaching Hospital, Agartala",Tripura University,Trust,Tripura,MBBS,2006,100
"All India Institute of Medical Sciences, Rishikesh","Statutory Autonomous, AIIMS",Govt.,Uttarakhand,MBBS,2012,100
"Doon Medical College, Dehradun, Uttarakhand",H. N. B Garhwal University,Govt.,Uttarakhand,MBBS,2016,150
"Government Medical College (Prev.Uttarakhand Forest Hospital Trust Med.Col.), Haldwani","Kumaon University, Nainital",Govt.,Uttarakhand,MBBS,2001,100
"Himalayan Institute of Medical Sciences, Dehradun","Swami Rama Himalayan University, Dehradun",Trust,Uttarakhand,MBBS,1995,100
"Shri Guru Ram Rai Institute of Medical & Health Sciences, Dehradun",H. N. B Garhwal University,Society,Uttarakhand,MBBS,2006,150
"Sridev Suman Subharti Medical College, Dehradun",Hemwati Nandan Bahuguna Uttarakhand Medical Education University,Trust,Uttarakhand,MBBS,2016,
"Veer Chandra Singh Garhwali Govt. Medical Sc. & Research Instt, Srinagar, Pauri Garhwal","Uttrakhand Technical University, Dehradun",Govt.,Uttarakhand,MBBS,2008,100
"BRD Medical College, Gorakhpur",Gorakhpur University,Govt.,Uttar Pradesh,MBBS,1972,100
"Career Instt. Of Medical Sciences & Hospital, Lucknow","Dr. Ram Manohar Lohia Avadh University, Faizabad",Trust,Uttar Pradesh,MBBS,2011,100
"Dr. Ram Manohar Lohia Institute of Medical Sciences,Lucknow","King Georges Medical University,Lucknow",Govt.,Uttar Pradesh,MBBS,2017,150
"Era Lucknow  Medical College , Lucknow","Dr. Ram Manohar Lohia Avadh University, Faizabad",Trust,Uttar Pradesh,MBBS,1997,150
"F.H. Medical College & Hospital, Etamdapur, Firozabad","Dr B R Ambedkar University,Agra, U.P.",Trust,Uttar Pradesh,MBBS,2014,
"G.C.R.G. Institute of Medical Sciences, Lucknow","Dr. Ram Manohar Lohia Avadh University, Faizabad",Trust,Uttar Pradesh,MBBS,2016,
"Glocal Medical College, Super Specialty Hospital & Research Center, Saharanpur","Glocal University, Saharanpur",Trust,Uttar Pradesh,MBBS,2016,
"Government Allopathic Medical College, Banda, UP","King Georges Medical University,Lucknow",Govt.,Uttar Pradesh,MBBS,2016,100
"Government Medical College, Kannauj","King Georges Medical University,Lucknow",Govt.,Uttar Pradesh,MBBS,2012,100
"Government Medical College & Super facility Hospital, Azamgarh","King Georges Medical University,Lucknow",Govt.,Uttar Pradesh,MBBS,2013,100
"G.S. Medical College & Hospital, Hapur, UP","Ch. Charan Singh Universitiy, Meerut",Trust,Uttar Pradesh,MBBS,2018,
"GSVM Medical College, Kanpur","C.S.J.M. University, Kanpur",Govt.,Uttar Pradesh,MBBS,1955,190
"Heritage Institute of Medical Sciences, Varanasi","Mahatma Gandhi Kashi Vidyapith, Varanasi",Private,Uttar Pradesh,MBBS,2015,150
"Hind Institute of Medical Sciences , Barabanki","Dr. Ram Manohar Lohia Avadh University, Faizabad",Trust,Uttar Pradesh,MBBS,2009,100
"Hind Institute of Medical Sciences, Sitapur","King Georges Medical University,Lucknow",Trust,Uttar Pradesh,MBBS,2015,150
"Institute of Medical Sciences, BHU, Varansi",Banaras Hindu University,Govt.,Uttar Pradesh,MBBS,1960,84
"Integral Institute of Medical Sciences & Research, Lucknow","Integral University, Lucknow",Private,Uttar Pradesh,MBBS,2013,
"Jawaharlal Nehru Medical College, Aligarh",Aligarh Muslim University,Govt.,Uttar Pradesh,MBBS,1961,150
"K.D. Medical College Hospital & Research Centre, Mathura","Dr B R Ambedkar University,Agra, U.P.",Society,Uttar Pradesh,MBBS,2015,
"King George Medical University, Lucknow","King Georges Medical University,Lucknow",Govt.,Uttar Pradesh,MBBS,1911,250
"Krishna Mohan Medical College & Hospital, Mathura","Dr B R Ambedkar University,Agra, U.P.",Society,Uttar Pradesh,MBBS,2016,
"LLRM Medical College, Meerut","Ch. Charan Singh Universitiy, Meerut",Govt.,Uttar Pradesh,MBBS,1966,150
"Mahamaya Rajkiya Allopathic Medical College, Ambedkarnagar","Dr. Ram Manohar Lohia Avadh University, Faizabad",Govt.,Uttar Pradesh,MBBS,2011,100
"Maharani Laxmi Bai Medical College, Jhansi",Bundelkhand University,Govt.,Uttar Pradesh,MBBS,1968,100
"Major S D Singh Medical College and Hospital, Fathehgarh, Farrukhabad","C.S.J.M. University, Kanpur",Trust,Uttar Pradesh,MBBS,2011,
Manyavar Kanshi Ram Ji Government Allopathic Medical College,"C.S.J.M. University, Kanpur",Govt.,Uttar Pradesh,MBBS,2013,100
"Mayo Institute of Medical Sciences, Barabanki","Dr. Ram Manohar Lohia Avadh University, Faizabad",Trust,Uttar Pradesh,MBBS,2012,
"Moti Lal Nehru Medical College, Allahabad","King Georges Medical University,Lucknow",Govt.,Uttar Pradesh,MBBS,1961,150
"Mulayam Singh Yadav Medical College & Hospital, Meerut, UP","Ch. Charan Singh Universitiy, Meerut",Society,Uttar Pradesh,MBBS,2018,150
"Muzaffarnagar Medical College, Muzaffarnagar","Ch. Charan Singh Universitiy, Meerut",Trust,Uttar Pradesh,MBBS,2006,150
"Prasad Institute of Medical Sciences, Lucknow","Dr. Ram Manohar Lohia Avadh University, Faizabad",Trust,Uttar Pradesh,MBBS,2016,
"Rajshree Medical Research Institute, Bareilly",M J P Rohilkhand University,Trust,Uttar Pradesh,MBBS,2014,150
"Rama Medical College and Hospital , Kanpur","Dr B R Ambedkar University,Agra, U.P.",Trust,Uttar Pradesh,MBBS,2008,100
"Rama Medical College Hospital and Research Centre, Hapur","Dr B R Ambedkar University,Agra, U.P.",Trust,Uttar Pradesh,MBBS,2011,150
"Rohilkhand Medical College & Hospital, Bareilly",M J P Rohilkhand University,Trust,Uttar Pradesh,MBBS,2006,150
"Santosh Medical College, Ghaziabad",Santosh University,Trust,Uttar Pradesh,MBBS,1996,100
"Saraswati Institute of Medical Sciences, Hapur","Ch. Charan Singh Universitiy, Meerut",Trust,Uttar Pradesh,MBBS,2008,100
"Saraswati Medical College, Unnao, U.P.","King Georges Medical University,Lucknow",Trust,Uttar Pradesh,MBBS,2016,
"School of Medical Sciences & Research,Greater Noida","Sharda University, Greater Noida",Trust,Uttar Pradesh,MBBS,2009,150
"Shaikh-UL-Hind Maulana Mahmood Hasan Medical College, Saharanpur","Ch. Charan Singh Universitiy, Meerut",Govt.,Uttar Pradesh,MBBS,2015,100
"Shri Ram Murti Smarak Institute of Medical Sciences, Bareilly",M J P Rohilkhand University,Trust,Uttar Pradesh,MBBS,2005,100
"S N Medical College, Agra","Dr B R Ambedkar University,Agra, U.P.",Govt.,Uttar Pradesh,MBBS,1939,150
"Subharti Medical College, Meerut","Swami Vivekanand Subharti University, Meerut",Trust,Uttar Pradesh,MBBS,1996,100
"Teerthanker Mahaveer Medical College, Moradabad","Teerthanker Mahaveer University, Moradabad",Trust,Uttar Pradesh,MBBS,2008,150
"T S Misra Medical College & Hospital, Amusi, Lucknow","Dr. Shakuntala Misra National Rehabilitation University, Lucknow",Private,Uttar Pradesh,MBBS,2016,150
"U.P. Rural Institute of Medical Sciences & Research, Etawah","C.S.J.M. University, Kanpur",Govt.,Uttar Pradesh,MBBS,2006,150
"Varun Arjun Medical College, Banthra, Shahjahanpur",Mahatma Jyotiba Phule Rohilkhand University,Trust,Uttar Pradesh,MBBS,2016,
"Venkateshwara Institute of Medical Sciences, Gajraula","Shri Venkateshwara University, Gajraula",Trust,Uttar Pradesh,MBBS,2016,
"Bankura Sammilani Medical College, Bankura","West Bengal University of Health Sciences,Kolkata",Govt.,West Bengal,MBBS,1956,150
"Burdwan Medical College, Burdwan","West Bengal University of Health Sciences,Kolkata",Govt.,West Bengal,MBBS,1969,150
"Calcutta National Medical College, Kolkata","West Bengal University of Health Sciences,Kolkata",Govt.,West Bengal,MBBS,1948,200
"College of Medicine and JNM Hospital,Kalyani,Nadia","West Bengal University of Health Sciences,Kolkata",Govt.,West Bengal,MBBS,2010,100
"College of Medicine and Sagore Dutta Hospital, Kolkata","West Bengal University of Health Sciences,Kolkata",Govt.,West Bengal,MBBS,2011,100
"Employees State Insurance Corporation Medical College, Joka, Kolkata","West Bengal University of Health Sciences,Kolkata",Govt.,West Bengal,MBBS,2013,100
"Gouri Devi Institute of Medical Sciences and Hospital, Durgapur","West Bengal University of Health Sciences,Kolkata",Society,West Bengal,MBBS,2016,
"ICARE Institute of Medical Sciences & Research, Haldia, Purba Midanpore","West Bengal University of Health Sciences,Kolkata",Trust,West Bengal,MBBS,2011,
"Institute of Postgraduate Medical Education & Research, Kolkata","West Bengal University of Health Sciences,Kolkata",Govt.,West Bengal,MBBS,1957,150
"IQ-City Medical College, Burdwan","West Bengal University of Health Sciences,Kolkata",Trust,West Bengal,MBBS,2013,
"Jagannath Gupta Institute of Medical Sciences & Hospital, Kolkata","West Bengal University of Health Sciences,Kolkata",Trust,West Bengal,MBBS,2018,150
"KPC Medical College,Jadavpur,Kolkata","West Bengal University of Health Sciences,Kolkata",Trust,West Bengal,MBBS,2008,150
"Malda Medical College & Hospital, Malda","West Bengal University of Health Sciences,Kolkata",Govt.,West Bengal,MBBS,2011,100
"Medical College, Kolkata","West Bengal University of Health Sciences,Kolkata",Govt.,West Bengal,MBBS,1838,250
"Midnapore Medical College, Midnapore","West Bengal University of Health Sciences,Kolkata",Govt.,West Bengal,MBBS,2001,150
"Murshidabad Medical College & Hospitals, Murshidabad","West Bengal University of Health Sciences,Kolkata",Govt.,West Bengal,MBBS,2012,100
"Nilratan Sircar Medical College, Kolkata","West Bengal University of Health Sciences,Kolkata",Govt.,West Bengal,MBBS,1948,250
"North Bengal Medical College, Darjeeling","West Bengal University of Health Sciences,Kolkata",Govt.,West Bengal,MBBS,1968,150
"RG Kar Medical College, Kolkata","West Bengal University of Health Sciences,Kolkata",Govt.,West Bengal,MBBS,1916,200